<?xml version="1.0" encoding="UTF-8"?>
<mcpatcherProfile>
  <config>
    <debug>false</debug>
    <lastVersion>2.4.2_01</lastVersion>
    <betaWarningShown>false</betaWarningShown>
    <javaHeapSize>1024</javaHeapSize>
    <selectedProfile>Minecraft 1.3.2</selectedProfile>
    <autoRefreshTextures>false</autoRefreshTextures>
  </config>
  <mods profile="Minecraft Beta 1.9pre4">
    <mod>
      <name>HD Textures</name>
      <enabled>true</enabled>
      <type>builtIn</type>
      <config>
        <customWater>true</customWater>
        <animatedWater>true</animatedWater>
        <customLava>true</customLava>
        <animatedLava>true</animatedLava>
        <customFire>true</customFire>
        <animatedFire>true</animatedFire>
        <customPortal>true</customPortal>
        <animatedPortal>true</animatedPortal>
        <useTextureCache>false</useTextureCache>
        <reclaimGLMemory>false</reclaimGLMemory>
      </config>
    </mod>
    <mod>
      <name>HD Font</name>
      <enabled>true</enabled>
      <type>builtIn</type>
    </mod>
    <mod>
      <name>Better Grass</name>
      <enabled>false</enabled>
      <type>builtIn</type>
    </mod>
  </mods>
  <mods profile="Minecraft Beta 1.9pre5">
    <mod>
      <name>HD Textures</name>
      <enabled>true</enabled>
      <type>builtIn</type>
      <config>
        <customWater>true</customWater>
        <animatedWater>true</animatedWater>
        <customLava>true</customLava>
        <animatedLava>true</animatedLava>
        <customFire>true</customFire>
        <animatedFire>true</animatedFire>
        <customPortal>true</customPortal>
        <animatedPortal>true</animatedPortal>
        <customOther>true</customOther>
        <useTextureCache>true</useTextureCache>
        <reclaimGLMemory>false</reclaimGLMemory>
      </config>
    </mod>
    <mod>
      <name>HD Font</name>
      <enabled>true</enabled>
      <type>builtIn</type>
    </mod>
    <mod>
      <name>Better Grass</name>
      <enabled>false</enabled>
      <type>builtIn</type>
    </mod>
    <mod>
      <name>Random Mobs</name>
      <enabled>true</enabled>
      <type>builtIn</type>
    </mod>
  </mods>
  <mods profile="Minecraft RC2">
    <mod>
      <name>HD Textures</name>
      <enabled>true</enabled>
      <type>builtIn</type>
      <config>
        <customWater>true</customWater>
        <animatedWater>true</animatedWater>
        <customLava>true</customLava>
        <animatedLava>true</animatedLava>
        <customFire>true</customFire>
        <animatedFire>true</animatedFire>
        <customPortal>true</customPortal>
        <animatedPortal>true</animatedPortal>
        <customOther>true</customOther>
        <useTextureCache>true</useTextureCache>
        <reclaimGLMemory>false</reclaimGLMemory>
      </config>
    </mod>
    <mod>
      <name>HD Font</name>
      <enabled>true</enabled>
      <type>builtIn</type>
    </mod>
    <mod>
      <name>Better Grass</name>
      <enabled>false</enabled>
      <type>builtIn</type>
    </mod>
    <mod>
      <name>Random Mobs</name>
      <enabled>true</enabled>
      <type>builtIn</type>
    </mod>
  </mods>
  <mods profile="Minecraft 1.0.0">
    <mod>
      <name>HD Textures</name>
      <enabled>true</enabled>
      <type>builtIn</type>
      <config>
        <customWater>true</customWater>
        <animatedWater>true</animatedWater>
        <customLava>true</customLava>
        <animatedLava>true</animatedLava>
        <customFire>true</customFire>
        <animatedFire>true</animatedFire>
        <customPortal>true</customPortal>
        <animatedPortal>true</animatedPortal>
        <customOther>true</customOther>
        <useTextureCache>true</useTextureCache>
        <reclaimGLMemory>false</reclaimGLMemory>
        <autoRefreshTextures>false</autoRefreshTextures>
      </config>
    </mod>
    <mod>
      <name>HD Font</name>
      <enabled>true</enabled>
      <type>builtIn</type>
    </mod>
    <mod>
      <name>Better Grass</name>
      <enabled>false</enabled>
      <type>builtIn</type>
    </mod>
    <mod>
      <name>Random Mobs</name>
      <enabled>true</enabled>
      <type>builtIn</type>
    </mod>
  </mods>
  <mods profile="Minecraft 1.1">
    <mod>
      <name>HD Textures</name>
      <enabled>true</enabled>
      <type>builtIn</type>
      <config>
        <customWater>true</customWater>
        <animatedWater>true</animatedWater>
        <customLava>true</customLava>
        <animatedLava>true</animatedLava>
        <customFire>true</customFire>
        <animatedFire>true</animatedFire>
        <customPortal>true</customPortal>
        <animatedPortal>true</animatedPortal>
        <customOther>true</customOther>
        <useTextureCache>true</useTextureCache>
        <reclaimGLMemory>false</reclaimGLMemory>
        <autoRefreshTextures>false</autoRefreshTextures>
      </config>
    </mod>
    <mod>
      <name>HD Font</name>
      <enabled>true</enabled>
      <type>builtIn</type>
    </mod>
    <mod>
      <name>Better Grass</name>
      <enabled>false</enabled>
      <type>builtIn</type>
    </mod>
    <mod>
      <name>Random Mobs</name>
      <enabled>true</enabled>
      <type>builtIn</type>
    </mod>
    <mod>
      <name>Custom Colors</name>
      <enabled>true</enabled>
      <type>builtIn</type>
      <config>
        <water>true</water>
        <swamp>true</swamp>
        <tree>true</tree>
        <potion>true</potion>
        <drop>true</drop>
        <lightmaps>true</lightmaps>
        <fog>true</fog>
        <clouds>true</clouds>
        <redstone>true</redstone>
        <stem>true</stem>
        <egg>true</egg>
        <otherBlocks>true</otherBlocks>
        <fogBlendRadius>7</fogBlendRadius>
      </config>
    </mod>
  </mods>
  <mods profile="Minecraft 1.2.2">
    <mod>
      <name>HD Textures</name>
      <enabled>true</enabled>
      <type>builtIn</type>
      <config>
        <customWater>true</customWater>
        <animatedWater>true</animatedWater>
        <customLava>true</customLava>
        <animatedLava>true</animatedLava>
        <customFire>true</customFire>
        <animatedFire>true</animatedFire>
        <customPortal>true</customPortal>
        <animatedPortal>true</animatedPortal>
        <customOther>true</customOther>
        <useTextureCache>true</useTextureCache>
        <reclaimGLMemory>false</reclaimGLMemory>
        <autoRefreshTextures>false</autoRefreshTextures>
      </config>
    </mod>
    <mod>
      <name>HD Font</name>
      <enabled>true</enabled>
      <type>builtIn</type>
    </mod>
    <mod>
      <name>Better Grass</name>
      <enabled>false</enabled>
      <type>builtIn</type>
    </mod>
    <mod>
      <name>Random Mobs</name>
      <enabled>true</enabled>
      <type>builtIn</type>
    </mod>
    <mod>
      <name>Custom Colors</name>
      <enabled>true</enabled>
      <type>builtIn</type>
      <config>
        <water>true</water>
        <swamp>true</swamp>
        <tree>true</tree>
        <potion>true</potion>
        <particle>true</particle>
        <lightmaps>true</lightmaps>
        <clouds>true</clouds>
        <redstone>true</redstone>
        <stem>true</stem>
        <egg>true</egg>
        <map>true</map>
        <sheep>true</sheep>
        <fog>true</fog>
        <otherBlocks>true</otherBlocks>
        <fogBlendRadius>7</fogBlendRadius>
        <blockBlendRadius>1</blockBlendRadius>
      </config>
    </mod>
  </mods>
  <mods profile="Minecraft 1.2.3">
    <mod>
      <name>HD Textures</name>
      <enabled>true</enabled>
      <type>builtIn</type>
      <config>
        <customWater>true</customWater>
        <animatedWater>true</animatedWater>
        <customLava>true</customLava>
        <animatedLava>true</animatedLava>
        <customFire>true</customFire>
        <animatedFire>true</animatedFire>
        <customPortal>true</customPortal>
        <animatedPortal>true</animatedPortal>
        <customOther>true</customOther>
        <useTextureCache>true</useTextureCache>
        <reclaimGLMemory>false</reclaimGLMemory>
        <autoRefreshTextures>false</autoRefreshTextures>
      </config>
    </mod>
    <mod>
      <name>HD Font</name>
      <enabled>true</enabled>
      <type>builtIn</type>
    </mod>
    <mod>
      <name>Better Grass</name>
      <enabled>false</enabled>
      <type>builtIn</type>
    </mod>
    <mod>
      <name>Random Mobs</name>
      <enabled>true</enabled>
      <type>builtIn</type>
    </mod>
    <mod>
      <name>Custom Colors</name>
      <enabled>true</enabled>
      <type>builtIn</type>
      <config>
        <water>true</water>
        <swamp>true</swamp>
        <tree>true</tree>
        <potion>true</potion>
        <particle>true</particle>
        <lightmaps>true</lightmaps>
        <clouds>true</clouds>
        <redstone>true</redstone>
        <stem>true</stem>
        <egg>true</egg>
        <map>true</map>
        <sheep>true</sheep>
        <fog>true</fog>
        <otherBlocks>true</otherBlocks>
        <fogBlendRadius>7</fogBlendRadius>
        <blockBlendRadius>1</blockBlendRadius>
      </config>
    </mod>
  </mods>
  <mods profile="Minecraft 1.2.5">
    <mod>
      <name>HD Textures</name>
      <enabled>true</enabled>
      <type>builtIn</type>
      <config>
        <customWater>true</customWater>
        <animatedWater>true</animatedWater>
        <customLava>true</customLava>
        <animatedLava>true</animatedLava>
        <customFire>true</customFire>
        <animatedFire>true</animatedFire>
        <customPortal>true</customPortal>
        <animatedPortal>true</animatedPortal>
        <customOther>true</customOther>
        <useTextureCache>true</useTextureCache>
        <reclaimGLMemory>false</reclaimGLMemory>
        <autoRefreshTextures>false</autoRefreshTextures>
      </config>
    </mod>
    <mod>
      <name>HD Font</name>
      <enabled>true</enabled>
      <type>builtIn</type>
    </mod>
    <mod>
      <name>Better Grass</name>
      <enabled>true</enabled>
      <type>builtIn</type>
    </mod>
    <mod>
      <name>Random Mobs</name>
      <enabled>true</enabled>
      <type>builtIn</type>
    </mod>
    <mod>
      <name>Custom Colors</name>
      <enabled>true</enabled>
      <type>builtIn</type>
      <config>
        <water>true</water>
        <swamp>true</swamp>
        <tree>true</tree>
        <potion>true</potion>
        <particle>true</particle>
        <lightmaps>true</lightmaps>
        <clouds>true</clouds>
        <redstone>true</redstone>
        <stem>true</stem>
        <egg>true</egg>
        <map>true</map>
        <sheep>true</sheep>
        <fog>true</fog>
        <otherBlocks>true</otherBlocks>
        <text>true</text>
        <xporb>true</xporb>
        <fogBlendRadius>7</fogBlendRadius>
        <blockBlendRadius>1</blockBlendRadius>
      </config>
    </mod>
    <mod>
      <name>Connected Textures</name>
      <enabled>true</enabled>
      <type>builtIn</type>
      <config>
        <glass>true</glass>
        <glassPane>true</glassPane>
        <bookshelf>true</bookshelf>
        <sandstone>true</sandstone>
        <standard>true</standard>
        <nonStandard>true</nonStandard>
        <outline>false</outline>
      </config>
    </mod>
  </mods>
  <mods profile="Minecraft 1.3.1">
    <mod>
      <name>HD Textures</name>
      <enabled>true</enabled>
      <type>builtIn</type>
      <config>
        <customWater>true</customWater>
        <animatedWater>true</animatedWater>
        <customLava>true</customLava>
        <animatedLava>true</animatedLava>
        <customFire>true</customFire>
        <animatedFire>true</animatedFire>
        <customPortal>true</customPortal>
        <animatedPortal>true</animatedPortal>
        <customOther>true</customOther>
        <useTextureCache>true</useTextureCache>
        <reclaimGLMemory>false</reclaimGLMemory>
        <autoRefreshTextures>false</autoRefreshTextures>
      </config>
    </mod>
    <mod>
      <name>HD Font</name>
      <enabled>true</enabled>
      <type>builtIn</type>
    </mod>
    <mod>
      <name>Better Grass</name>
      <enabled>false</enabled>
      <type>builtIn</type>
    </mod>
    <mod>
      <name>Random Mobs</name>
      <enabled>true</enabled>
      <type>builtIn</type>
    </mod>
    <mod>
      <name>Custom Colors</name>
      <enabled>true</enabled>
      <type>builtIn</type>
      <config>
        <water>true</water>
        <swamp>true</swamp>
        <tree>true</tree>
        <potion>true</potion>
        <particle>true</particle>
        <lightmaps>true</lightmaps>
        <clouds>true</clouds>
        <redstone>true</redstone>
        <stem>true</stem>
        <egg>true</egg>
        <map>true</map>
        <sheep>true</sheep>
        <fog>true</fog>
        <otherBlocks>true</otherBlocks>
        <text>true</text>
        <xporb>true</xporb>
        <fogBlendRadius>7</fogBlendRadius>
        <blockBlendRadius>1</blockBlendRadius>
      </config>
    </mod>
    <mod>
      <name>Connected Textures</name>
      <enabled>true</enabled>
      <type>builtIn</type>
      <config>
        <glass>true</glass>
        <glassPane>true</glassPane>
        <bookshelf>true</bookshelf>
        <sandstone>true</sandstone>
        <standard>true</standard>
        <nonStandard>true</nonStandard>
        <outline>false</outline>
      </config>
    </mod>
    <mod>
      <name>Better Skies</name>
      <enabled>true</enabled>
      <type>builtIn</type>
    </mod>
  </mods>
  <mods profile="Minecraft 1.3.2">
    <mod>
      <name>HD Textures</name>
      <enabled>true</enabled>
      <type>builtIn</type>
      <config>
        <customWater>true</customWater>
        <animatedWater>true</animatedWater>
        <customLava>true</customLava>
        <animatedLava>true</animatedLava>
        <customFire>true</customFire>
        <animatedFire>true</animatedFire>
        <customPortal>true</customPortal>
        <animatedPortal>true</animatedPortal>
        <customOther>true</customOther>
        <useTextureCache>true</useTextureCache>
        <reclaimGLMemory>false</reclaimGLMemory>
      </config>
    </mod>
    <mod>
      <name>HD Font</name>
      <enabled>true</enabled>
      <type>builtIn</type>
    </mod>
    <mod>
      <name>Better Grass</name>
      <enabled>false</enabled>
      <type>builtIn</type>
    </mod>
    <mod>
      <name>Random Mobs</name>
      <enabled>true</enabled>
      <type>builtIn</type>
    </mod>
    <mod>
      <name>Custom Colors</name>
      <enabled>true</enabled>
      <type>builtIn</type>
      <config>
        <water>true</water>
        <swamp>true</swamp>
        <tree>true</tree>
        <potion>true</potion>
        <particle>true</particle>
        <lightmaps>true</lightmaps>
        <clouds>true</clouds>
        <redstone>true</redstone>
        <stem>true</stem>
        <egg>true</egg>
        <map>true</map>
        <dye>true</dye>
        <fog>true</fog>
        <otherBlocks>true</otherBlocks>
        <text>true</text>
        <xporb>true</xporb>
        <fogBlendRadius>7</fogBlendRadius>
        <blockBlendRadius>1</blockBlendRadius>
      </config>
    </mod>
    <mod>
      <name>Connected Textures</name>
      <enabled>true</enabled>
      <type>builtIn</type>
      <config>
        <glass>true</glass>
        <glassPane>true</glassPane>
        <bookshelf>true</bookshelf>
        <sandstone>true</sandstone>
        <standard>true</standard>
        <nonStandard>true</nonStandard>
        <outline>false</outline>
      </config>
    </mod>
    <mod>
      <name>Better Skies</name>
      <enabled>true</enabled>
      <type>builtIn</type>
    </mod>
  </mods>
</mcpatcherProfile>
